Publisher,Series,Volume,Years,Issue,Current Value,Price Paid,Date Added,Issue Date
Image Comics,6 Sidekicks of Trigger Keaton,,2021-2022,1,4,3.99,6/12/2021,Jun-21
Image Comics,6 Sidekicks of Trigger Keaton,,2021-2022,2,4,3.99,10/20/2021,Jul-21
Image Comics,6 Sidekicks of Trigger Keaton,,2021-2022,3,4,3.99,1/20/2022,Aug-21
Image Comics,6 Sidekicks of Trigger Keaton,,2021-2022,4,4,3.99,10/20/2021,Sep-21
Image Comics,6 Sidekicks of Trigger Keaton,,2021-2022,5,4,3.99,1/20/2022,Oct-21
Image Comics,6 Sidekicks of Trigger Keaton,,2021-2022,6,4,3.99,1/20/2022,Nov-21
Dark Horse Comics,Abe Sapien,,2013-2017,1,3.5,3.5,9/16/2013,Apr-13
Dark Horse Comics,Abe Sapien,,2013-2017,2,3.5,3.5,9/16/2013,May-13
Dark Horse Comics,Abe Sapien,,2013-2017,3,3.5,3.5,9/16/2013,Jun-13
Dark Horse Comics,Abe Sapien,,2013-2017,4,3.5,3.5,9/16/2013,Jul-13
Dark Horse Comics,Abe Sapien,,2013-2017,5,3.5,3.5,9/16/2013,Aug-13
Dark Horse Comics,Abe Sapien,,2013-2017,6,3.5,3.5,5/16/2014,Oct-13
Dark Horse Comics,Abe Sapien,,2013-2017,7,3.5,3.5,5/16/2014,Nov-13
Dark Horse Comics,Abe Sapien,,2013-2017,8,3.5,3.5,5/16/2014,Dec-13
Dark Horse Comics,Abe Sapien,,2013-2017,14,3.5,3.5,5/16/2017,Jul-14
Dark Horse Comics,Abe Sapien,,2013-2017,15,3.5,3.5,5/16/2017,Aug-14
Dark Horse Comics,Abe Sapien,,2013-2017,16,3.5,3.5,5/9/2017,Sep-14
Dark Horse Comics,Abe Sapien,,2013-2017,17,3.5,3.5,5/9/2017,Oct-14
Dark Horse Comics,Abe Sapien,,2013-2017,18,3.5,3.5,5/8/2017,Dec-14
Dark Horse Comics,Abe Sapien: Abyssal Plain,Mini,2010,1,3.5,3.5,6/11/2011,Jun-10
Dark Horse Comics,Abe Sapien: Abyssal Plain,Mini,2010,2,3.5,3.5,6/11/2011,Jul-10
Dark Horse Comics,Abe Sapien: The Devil Does Not Jest,Mini,2011,1,3.5,3.5,3/24/2012,Sep-11
Dark Horse Comics,Abe Sapien: The Devil Does Not Jest,Mini,2011,2,3.5,3.5,12/30/2011,Oct-11
Dark Horse Comics,Abe Sapien: The Haunted Boy,One-Shot,2009,1,3.5,3.5,6/11/2011,Oct-09
Marvel Comics,All-New Doop,,2014,1,4,3.99,5/16/2014,Jun-14
Marvel Comics,All-New Doop,,2014,2,4,3.99,5/16/2017,Jul-14
Marvel Comics,All-New Doop,,2014,3,4,3.99,5/16/2017,Aug-14
Marvel Comics,All-New X-Factor,,2014-2015,1,4,3.99,5/16/2017,Mar-14
Marvel Comics,All-New X-Factor,,2014-2015,2,4,3.99,5/16/2017,Mar-14
Marvel Comics,All-New X-Factor,,2014-2015,3,4,3.99,5/16/2017,Apr-14
Marvel Comics,All-New X-Factor,,2014-2015,4,4,3.99,5/16/2017,May-14
Marvel Comics,All-New X-Factor,,2014-2015,5,4,3.99,5/16/2017,May-14
Marvel Comics,All-New X-Factor,,2014-2015,6,4,3.99,5/16/2017,Jun-14
Marvel Comics,All-New X-Factor,,2014-2015,7,4,3.99,5/16/2017,Jul-14
Marvel Comics,All-New X-Factor,,2014-2015,8,4,3.99,5/16/2017,Jul-14
Marvel Comics,All-New X-Factor,,2014-2015,9,4,3.99,5/16/2017,Aug-14
Marvel Comics,All-New X-Factor,,2014-2015,10,4,3.99,5/16/2017,Sep-14
Marvel Comics,All-New X-Factor,,2014-2015,11,4,3.99,5/16/2017,Sep-14
Marvel Comics,All-New X-Factor,,2014-2015,12,4,3.99,5/16/2017,Oct-14
Marvel Comics,All-New X-Factor,,2014-2015,13,4,3.99,5/9/2017,Nov-14
Marvel Comics,All-New X-Factor,,2014-2015,14,4,3.99,5/9/2017,Nov-14
Dark Horse Comics,Angel: Season 11,,2017-2018,5,4,3.99,5/30/2017,May-17
Dark Horse Comics,Angel: Season 11,,2017-2018,6,4,3.99,6/27/2017,Jun-17
Dark Horse Comics,Angel: Season 11,,2017-2018,7,4,3.99,7/23/2017,Jul-17
Dark Horse Comics,Angel: Season 11,,2017-2018,8,4,3.99,11/7/2017,Aug-17
Dark Horse Comics,Angel: Season 11,,2017-2018,9,4,3.99,11/7/2017,Sep-17
Dark Horse Comics,Angel: Season 11,,2017-2018,10,4,3.99,11/7/2017,Oct-17
Dark Horse Comics,Angel: Season 11,,2017-2018,11,4,3.99,2/11/2018,Nov-17
Dark Horse Comics,Angel: Season 11,,2017-2018,12,4,3.99,2/11/2018,Dec-17
Marvel Comics,Annihilators,Mini,2011,1b,10,4.99,6/11/2011,May-11
Marvel Comics,Annihilators,Mini,2011,2b,7,4.99,6/11/2011,Jun-11
Marvel Comics,Annihilators,Mini,2011,3,5,4.99,6/24/2011,Jul-11
Marvel Comics,Annihilators,Mini,2011,4,5,4.99,6/13/2011,Aug-11
Marvel Comics,Astonishing X-Men,Vol. 4,2017-2019,1,5,4.99,8/2/2017,Sep-17
Marvel Comics,Astonishing X-Men,Vol. 4,2017-2019,2,4,3.99,11/4/2017,Oct-17
Marvel Comics,Astonishing X-Men,Vol. 4,2017-2019,3,4,3.99,11/4/2017,Nov-17
Marvel Comics,Astonishing X-Men,Vol. 4,2017-2019,4,4,3.99,11/4/2017,Dec-17
Marvel Comics,Astonishing X-Men,Vol. 4,2017-2019,5,4,3.99,12/4/2017,Jan-18
Marvel Comics,Astonishing X-Men,Vol. 4,2017-2019,6,4,3.99,2/7/2018,Feb-18
Marvel Comics,Astonishing X-Men,Vol. 4,2017-2019,7b,4,3.99,2/7/2018,Mar-18
Marvel Comics,Astonishing X-Men,Vol. 4,2017-2019,8,4,3.99,4/9/2018,Apr-18
Marvel Comics,Astonishing X-Men,Vol. 4,2017-2019,9,4,3.99,5/12/2018,May-18
Marvel Comics,Astonishing X-Men,Vol. 4,2017-2019,10,4,3.99,5/12/2018,Jun-18
Marvel Comics,Astonishing X-Men,Vol. 4,2017-2019,11,4,3.99,6/9/2018,Jul-18
Marvel Comics,Astonishing X-Men,Vol. 4,2017-2019,12,4,3.99,6/20/2018,Aug-18
Marvel Comics,Astonishing X-Men,Vol. 4,2017-2019,13c,4,3.99,10/23/2019,Sep-18
Marvel Comics,Astonishing X-Men,Vol. 4,2017-2019,14,4,3.99,3/28/2019,Oct-18
Marvel Comics,Astonishing X-Men,Vol. 4,2017-2019,15,4,3.99,1/28/2019,Nov-18
Marvel Comics,Astonishing X-Men,Vol. 4,2017-2019,16,4,3.99,1/28/2019,Dec-18
Marvel Comics,Astonishing X-Men,Vol. 4,2017-2019,17,4,3.99,1/28/2019,Jan-19
Marvel Comics,Astonishing X-Men,Vol. 4,2017-2019,1,5,4.99,1/28/2019,Oct-18
Marvel Comics,Avengers / Invaders,,2008-2009,1,3,2.99,6/11/2011,Jul-08
Dark Horse Comics,B.P.R.D.: 1946,,2008,1,3,2.99,6/12/2011,Jan-08
Dark Horse Comics,B.P.R.D.: 1946,,2008,2,3,2.99,6/12/2011,Feb-08
Dark Horse Comics,B.P.R.D.: 1946,,2008,3,3,2.99,6/12/2011,Mar-08
Dark Horse Comics,B.P.R.D.: 1946,,2008,4,3,2.99,6/12/2011,Apr-08
Dark Horse Comics,B.P.R.D.: 1946,,2008,5,3,2.99,6/12/2011,May-08
Dark Horse Comics,B.P.R.D.: 1947,Mini,2009,1,3,2.99,6/12/2011,Jul-09
Dark Horse Comics,B.P.R.D.: 1947,Mini,2009,2,3,2.99,6/12/2011,Aug-09
Dark Horse Comics,B.P.R.D.: 1947,Mini,2009,3,3,2.99,6/12/2011,Sep-09
Dark Horse Comics,B.P.R.D.: 1947,Mini,2009,4,3,2.99,6/12/2011,Oct-09
Dark Horse Comics,B.P.R.D.: 1947,Mini,2009,5,3,2.99,6/12/2011,Nov-09
Dark Horse Comics,B.P.R.D.: 1948,,2012 - 2013,1,3.5,3.5,12/23/2012,Oct-12
Dark Horse Comics,B.P.R.D.: 1948,,2012 - 2013,2,3.5,3.5,3/23/2013,Nov-12
Dark Horse Comics,B.P.R.D.: 1948,,2012 - 2013,3,3.5,3.5,1/15/2013,Dec-12
Dark Horse Comics,B.P.R.D.: 1948,,2012 - 2013,4,3.5,3.5,3/31/2013,Jan-13
Dark Horse Comics,B.P.R.D.: 1948,,2012 - 2013,5,3.5,3.5,3/30/2013,Feb-13
Dark Horse Comics,B.P.R.D.: The Black Goddess,Mini,2009,1,3,2.99,6/12/2011,Jan-09
Dark Horse Comics,B.P.R.D.: The Black Goddess,Mini,2009,2,3,2.99,6/12/2011,Feb-09
Dark Horse Comics,B.P.R.D.: The Black Goddess,Mini,2009,3,3,2.99,6/12/2011,Mar-09
Dark Horse Comics,B.P.R.D.: The Black Goddess,Mini,2009,4,3,2.99,6/12/2011,Apr-09
Dark Horse Comics,B.P.R.D.: The Black Goddess,Mini,2009,5,3,2.99,6/12/2011,May-09
Dark Horse Comics,B.P.R.D.: Dead Remembered,Mini,2011,1,3.5,3.5,6/9/2011,Apr-11
Dark Horse Comics,B.P.R.D.: Dead Remembered,Mini,2011,2,3.5,3.5,6/12/2011,May-11
Dark Horse Comics,B.P.R.D.: Dead Remembered,Mini,2011,3,3.5,3.5,6/19/2011,Jun-11
Dark Horse Comics,B.P.R.D.: Devil You Know,,2017-2019,1b,4,3.99,8/2/2017,Jul-17
Dark Horse Comics,B.P.R.D.: Devil You Know,,2017-2019,2,4,3.99,12/4/2017,Aug-17
Dark Horse Comics,B.P.R.D.: Devil You Know,,2017-2019,3,4,3.99,12/4/2017,Oct-17
Dark Horse Comics,B.P.R.D.: Devil You Know,,2017-2019,4,4,3.99,2/11/2018,Nov-17
Dark Horse Comics,B.P.R.D.: Devil You Know,,2017-2019,5,4,3.99,2/11/2018,Jan-18
Dark Horse Comics,B.P.R.D.: Devil You Know,,2017-2019,7,4,3.99,6/6/2020,Jun-18
Dark Horse Comics,B.P.R.D.: Devil You Know,,2017-2019,8,4,3.99,1/10/2019,Jul-18
Dark Horse Comics,B.P.R.D.: Devil You Know,,2017-2019,9,4,3.99,1/10/2019,Aug-18
Dark Horse Comics,B.P.R.D.: Devil You Know,,2017-2019,10,4,3.99,3/28/2019,Sep-18
Dark Horse Comics,B.P.R.D.: Devil You Know,,2017-2019,11,4,3.99,11/16/2019,Dec-18
Dark Horse Comics,B.P.R.D.: Devil You Know,,2017-2019,12,4,3.99,1/23/2020,Jan-19
Dark Horse Comics,B.P.R.D.: Devil You Know,,2017-2019,13,4,3.99,1/23/2020,Feb-19
Dark Horse Comics,B.P.R.D.: Devil You Know,,2017-2019,14,4,3.99,1/23/2020,Mar-19
Dark Horse Comics,B.P.R.D.: Devil You Know,,2017-2019,15,4,3.99,6/2/2019,Apr-19
Dark Horse Comics,B.P.R.D.: The Ectoplasmic Man,One-Shot,2008,One-shot,3,2.99,6/12/2011,Jun-08
Dark Horse Comics,B.P.R.D.: Hell on Earth,,2013-2018,103,3.5,3.5,1/29/2013,Jan-13
Dark Horse Comics,B.P.R.D.: Hell on Earth,,2013-2018,104,3.5,3.5,3/30/2013,Feb-13
Dark Horse Comics,B.P.R.D.: Hell on Earth,,2013-2018,105,3.5,3.5,9/16/2013,Mar-13
Dark Horse Comics,B.P.R.D.: Hell on Earth,,2013-2018,106,3.5,3.5,8/21/2013,Apr-13
Dark Horse Comics,B.P.R.D.: Hell on Earth,,2013-2018,107,3.5,3.5,8/22/2013,May-13
Dark Horse Comics,B.P.R.D.: Hell on Earth,,2013-2018,108,3.5,3.5,9/16/2013,Jul-13
Dark Horse Comics,B.P.R.D.: Hell on Earth,,2013-2018,109,3.5,3.5,9/16/2013,Jul-13
Dark Horse Comics,B.P.R.D.: Hell on Earth,,2013-2018,110,3.5,3.5,5/16/2014,Aug-13
Dark Horse Comics,B.P.R.D.: Hell on Earth,,2013-2018,111,3.5,3.5,5/16/2014,Sep-13
Dark Horse Comics,B.P.R.D.: Hell on Earth,,2013-2018,112,3.5,3.5,5/16/2014,Oct-13
Dark Horse Comics,B.P.R.D.: Hell on Earth,,2013-2018,113,3.5,3.5,5/16/2014,Nov-13
Dark Horse Comics,B.P.R.D.: Hell on Earth,,2013-2018,114,3.5,3.5,5/16/2014,Dec-13
Dark Horse Comics,B.P.R.D.: Hell on Earth,,2013-2018,119,3.5,3.5,5/15/2017,May-14
Dark Horse Comics,B.P.R.D.: Hell on Earth,,2013-2018,120,3.5,3.5,5/15/2017,Jun-14
Dark Horse Comics,B.P.R.D.: Hell on Earth,,2013-2018,121,3.5,3.5,5/15/2017,Jul-14
Dark Horse Comics,B.P.R.D.: Hell on Earth,,2013-2018,122,3.5,3.5,5/15/2017,Aug-14
Dark Horse Comics,B.P.R.D.: Hell on Earth,,2013-2018,123,3.5,3.5,5/8/2017,Sep-14
Dark Horse Comics,B.P.R.D.: Hell on Earth,,2013-2018,124,3.5,3.5,5/8/2017,Oct-14
Dark Horse Comics,B.P.R.D.: Hell on Earth,,2013-2018,125,3.5,3.5,5/8/2017,Nov-14
Dark Horse Comics,B.P.R.D.: Hell on Earth,,2013-2018,126,3.5,3.5,5/7/2017,Dec-14
Dark Horse Comics,B.P.R.D.: Hell on Earth,,2013-2018,127,3.5,3.5,5/7/2017,Jan-15
Dark Horse Comics,B.P.R.D.: Hell on Earth,,2013-2018,128,3.5,3.5,5/7/2017,Feb-15
Dark Horse Comics,B.P.R.D.: Hell on Earth - Devil's Engine,Mini,2012,1,3.5,3.5,6/2/2012,May-12
Dark Horse Comics,B.P.R.D.: Hell on Earth - Devil's Engine,Mini,2012,2,3.5,3.5,7/15/2012,Jun-12
Dark Horse Comics,B.P.R.D.: Hell on Earth - Devil's Engine,Mini,2012,3,3.5,3.5,12/23/2012,Jul-12
Dark Horse Comics,B.P.R.D.: Hell on Earth - Exorcism,Mini,2012,1,3.5,3.5,7/15/2012,Jun-12
Dark Horse Comics,B.P.R.D.: Hell on Earth - Exorcism,Mini,2012,2,3.5,3.5,12/23/2012,Jul-12
Dark Horse Comics,B.P.R.D.: Hell on Earth - Gods,Mini,2011,2,3.5,3.5,6/12/2011,Feb-11
Dark Horse Comics,B.P.R.D.: Hell on Earth - Gods,Mini,2011,3,3.5,3.5,6/12/2011,Mar-11
Dark Horse Comics,B.P.R.D.: Hell on Earth - Long Death,Mini,2012,1,3.5,3.5,3/28/2012,Feb-12
Dark Horse Comics,B.P.R.D.: Hell on Earth - Long Death,Mini,2012,2,3.5,3.5,4/28/2012,Mar-12
Dark Horse Comics,B.P.R.D.: Hell on Earth - Long Death,Mini,2012,3,3.5,3.5,4/28/2012,Apr-12
Dark Horse Comics,B.P.R.D.: Hell on Earth - Monsters,Mini,2011,1,3.5,3.5,8/1/2011,Jul-11
Dark Horse Comics,B.P.R.D.: Hell on Earth - Monsters,Mini,2011,2,3.5,3.5,3/28/2012,Aug-11
Dark Horse Comics,B.P.R.D.: Hell on Earth - New World,,2010,1,3.5,3.5,6/12/2011,Aug-10
Dark Horse Comics,B.P.R.D.: Hell on Earth - New World,,2010,2,3.5,3.5,6/12/2011,Sep-10
Dark Horse Comics,B.P.R.D.: Hell on Earth - New World,,2010,3,3.5,3.5,6/12/2011,Oct-10
Dark Horse Comics,B.P.R.D.: Hell on Earth - New World,,2010,4,3.5,3.5,6/12/2011,Nov-10
Dark Horse Comics,B.P.R.D.: Hell on Earth - Pickens County Horror,Mini,2012,1,3.5,3.5,4/28/2012,Mar-12
Dark Horse Comics,B.P.R.D.: Hell on Earth - Pickens County Horror,Mini,2012,2,3.5,3.5,4/29/2012,Apr-12
Dark Horse Comics,B.P.R.D.: Hell on Earth - Return of the Master,,2012,1,3.5,3.5,12/23/2012,Aug-12
Dark Horse Comics,B.P.R.D.: Hell on Earth - Return of the Master,,2012,2,3.5,3.5,12/23/2012,Sep-12
Dark Horse Comics,B.P.R.D.: Hell on Earth - Return of the Master,,2012,3,3.5,3.5,12/23/2012,Oct-12
Dark Horse Comics,B.P.R.D.: Hell on Earth - Return of the Master,,2012,4,3.5,3.5,12/23/2012,Nov-12
Dark Horse Comics,B.P.R.D.: Hell on Earth - Return of the Master,,2012,5,3.5,3.5,1/15/2013,Dec-12
Dark Horse Comics,B.P.R.D.: Hell on Earth - Russia,,2011-2012,1,3.5,3.5,3/24/2012,Sep-11
Dark Horse Comics,B.P.R.D.: Hell on Earth - Russia,,2011-2012,2,3.5,3.5,12/30/2011,Oct-11
Dark Horse Comics,B.P.R.D.: Hell on Earth - Russia,,2011-2012,3,3.5,3.5,3/24/2012,Nov-11
Dark Horse Comics,B.P.R.D.: Hell on Earth - Russia,,2011-2012,4,3.5,3.5,3/11/2012,Dec-11
Dark Horse Comics,B.P.R.D.: Hell on Earth - Russia,,2011-2012,5,3.5,3.5,3/28/2012,Jan-12
Dark Horse Comics,B.P.R.D.: Hell on Earth - Transformation of J.H. O'Donnell,One-Shot,2012,1,3.5,3.5,7/14/2012,May-12
Dark Horse Comics,B.P.R.D.: Killing Ground,,2007,1,3,2.99,6/12/2011,Aug-07
Dark Horse Comics,B.P.R.D.: Killing Ground,,2007,2,3,2.99,6/12/2011,Sep-07
Dark Horse Comics,B.P.R.D.: Killing Ground,,2007,3,3,2.99,6/12/2011,Oct-07
Dark Horse Comics,B.P.R.D.: Killing Ground,,2007,4,3,2.99,6/12/2011,Nov-07
Dark Horse Comics,B.P.R.D.: Killing Ground,,2007,5,3,2.99,6/12/2011,Dec-07
Dark Horse Comics,B.P.R.D.: Vampire,,2013,1,3.5,3.5,9/16/2013,Mar-13
Dark Horse Comics,B.P.R.D.: Vampire,,2013,2,3.5,3.5,9/16/2013,Apr-13
Dark Horse Comics,B.P.R.D.: Vampire,,2013,3,3.5,3.5,9/16/2013,May-13
Dark Horse Comics,B.P.R.D.: Vampire,,2013,4,3.5,3.5,9/16/2013,Jun-13
Dark Horse Comics,B.P.R.D.: Vampire,,2013,5,3.5,3.5,9/16/2013,Jul-13
Dark Horse Comics,B.P.R.D.: Warning,,2008-2009,1,3,2.99,6/12/2011,Jul-08
Dark Horse Comics,B.P.R.D.: Warning,,2008-2009,2,3,2.99,6/12/2011,Aug-08
Dark Horse Comics,B.P.R.D.: Warning,,2008-2009,3,3,2.99,6/12/2011,Sep-08
Dark Horse Comics,B.P.R.D.: Warning,,2008-2009,4,3,2.99,6/12/2011,Oct-08
Dark Horse Comics,B.P.R.D.: Warning,,2008-2009,5,3,2.99,6/12/2011,Nov-08
Dark Horse Comics,Baltimore: Chapel of Bones,Mini,2013,1,3.5,3.5,5/16/2014,Jan-14
Dark Horse Comics,Baltimore: Dr. Leskovar's Remedy,Mini,2012,1,3.5,3.5,7/15/2012,Jun-12
Dark Horse Comics,Baltimore: Dr. Leskovar's Remedy,Mini,2012,2,3.5,3.5,12/23/2012,Jul-12
Dark Horse Comics,Baltimore: Infernal Train,Mini,2013,1,3.5,3.5,5/15/2017,Sep-13
Dark Horse Comics,Baltimore: Infernal Train,Mini,2013,2,3.5,3.5,5/12/2014,Oct-13
Dark Horse Comics,Baltimore: The Inquisitor,,2013,1,3.5,3.5,9/16/2013,Jan-13
Dark Horse Comics,Baltimore: The Play,One-Shot,2012,1,3.5,3.5,3/23/2013,Nov-12
Dark Horse Comics,Baltimore: Red Kingdom,,2017,4,4,3.99,5/9/2017,May-17
Dark Horse Comics,Baltimore: The Widow and the Tank,One-Shot,2013,1,3.5,3.5,4/28/2013,Feb-13
Dark Horse Comics,Baltimore: Witch of Harju,Mini,2014,1,3.5,3.5,5/15/2017,Jul-14
Dark Horse Comics,Baltimore: Wolf and the Apostle,Mini,2014,1,3.5,3.5,5/9/2017,Oct-14
Dark Horse Comics,Baltimore: Wolf and the Apostle,Mini,2014,2,3.5,3.5,5/9/2017,Nov-14
DC Comics,Batman: Dawnbreaker,One-Shot,2017,1,12,3.99,1/1/2018,Dec-17
Marvel Comics,Champions,Vol. 4,2020-2021,1,4,3.99,1/1/2021,Jun-20
Marvel Comics,Champions,Vol. 3,2019,1,4,3.99,3/28/2019,Mar-19
Marvel Comics,Champions,Vol. 3,2019,2,4,3.99,10/30/2019,Apr-19
Marvel Comics,Champions,Vol. 3,2019,3,4,3.99,10/30/2019,May-19
Marvel Comics,Champions,Vol. 3,2019,4,4,3.99,10/30/2019,Jun-19
Marvel Comics,Champions,Vol. 3,2019,5,4,3.99,10/30/2019,Jul-19
Marvel Comics,Champions,Vol. 4,2020-2021,2,4,3.99,1/1/2021,Jan-21
Marvel Comics,Champions,Vol. 3,2019,6,4,3.99,10/30/2019,Aug-19
Marvel Comics,Champions,Vol. 3,2019,7,4,3.99,12/27/2020,Sep-19
Marvel Comics,Champions,Vol. 4,2020-2021,3,4,3.99,1/1/2021,Feb-21
Marvel Comics,Champions,Vol. 3,2019,8,4,3.99,12/27/2020,Oct-19
Marvel Comics,Champions,Vol. 3,2019,9,4,3.99,12/27/2020,Nov-19
Marvel Comics,Champions,Vol. 3,2019,10,4,3.99,12/27/2020,Dec-19
DC Comics,DC Universe: Rebirth,One-Shot,2016,1 - 2nd print,6,5.99,5/26/2017,Aug-16
DC Comics,DCU: Legacies,,2010-2011,1,4,3.99,6/15/2011,Jul-10
DC Comics,DCU: Legacies,,2010-2011,2,4,3.99,6/15/2011,Aug-10
DC Comics,DCU: Legacies,,2010-2011,3,4,3.99,6/15/2011,Sep-10
DC Comics,DCU: Legacies,,2010-2011,4,4,3.99,6/15/2011,Oct-10
DC Comics,DCU: Legacies,,2010-2011,5,4,3.99,6/15/2011,Nov-10
DC Comics,DCU: Legacies,,2010-2011,6,4,3.99,6/15/2011,Dec-10
DC Comics,DCU: Legacies,,2010-2011,7,4,3.99,6/15/2011,Jan-11
Dark Horse Comics,Doctor Star and the Kingdom of Lost Tomorrows,Mini,2018,1b,4,3.99,4/9/2018,Mar-18
Dark Horse Comics,Doctor Star and the Kingdom of Lost Tomorrows,Mini,2018,2b,4,3.99,6/20/2018,Apr-18
Dark Horse Comics,Doctor Star and the Kingdom of Lost Tomorrows,Mini,2018,3b,4,3.99,6/6/2020,Apr-18
Dark Horse Comics,Doctor Star and the Kingdom of Lost Tomorrows,Mini,2018,4,4,3.99,6/6/2020,
Marvel Comics,Doctor Strange: Sorcerer Supreme,,1988-1996,36,3,1.5,6/12/2011,Dec-91
Marvel Comics,Doctor Strange: Sorcerer Supreme,,1988-1996,42,3,1.75,6/12/2011,Jun-92
Marvel Comics,Doctor Strange: Sorcerer Supreme,,1988-1996,43,3,1.75,6/12/2011,Jul-92
Marvel Comics,Doctor Strange: Sorcerer Supreme,,1988-1996,2,4,2.25,6/12/2011,Jul-92
DC Comics,Event Leviathan,,2019-2020,1,4,3.99,1/23/2020,Aug-19
DC Comics,Event Leviathan,,2019-2020,2,4,3.99,1/23/2020,Sep-19
DC Comics,Event Leviathan,,2019-2020,3,4,3.99,1/23/2020,Oct-19
DC Comics,Event Leviathan,,2019-2020,4,4,3.99,1/23/2020,Nov-19
DC Comics,Event Leviathan,,2019-2020,5b,4,3.99,2/1/2020,Dec-19
DC Comics,Event Leviathan,,2019-2020,6,4,3.99,2/5/2020,Jan-20
DC Comics,Flashpoint: Hal Jordan,Mini,2011,1,3,2.99,7/1/2011,Aug-11
DC Comics,Flashpoint: Hal Jordan,Mini,2011,2,3,2.99,3/28/2012,Sep-11
DC Comics,Flashpoint: Hal Jordan,Mini,2011,3,3,2.99,3/28/2012,Oct-11
DC Comics,Flashpoint: Project Superman,Mini,2011,1,3,2.99,7/1/2011,Aug-11
DC Comics,Flashpoint: Project Superman,Mini,2011,2,3,2.99,3/28/2012,Sep-11
DC Comics,Flashpoint: Project Superman,Mini,2011,3,3,2.99,3/28/2012,Oct-11
Max Comics,Fury MAX,,2012-2014,1,4,3.99,7/13/2012,Jul-12
Max Comics,Fury MAX,,2012-2014,2,4,3.99,7/13/2012,Jul-12
Max Comics,Fury MAX,,2012-2014,3,4,3.99,7/13/2012,Aug-12
Max Comics,Fury MAX,,2012-2014,4,4,3.99,7/15/2012,Sep-12
Max Comics,Fury MAX,,2012-2014,5,4,3.99,3/30/2013,Oct-12
Max Comics,Fury MAX,,2012-2014,6,4,3.99,3/31/2013,Nov-12
Max Comics,Fury MAX,,2012-2014,7,4,3.99,4/1/2013,Feb-13
Max Comics,Fury MAX,,2012-2014,8,4,3.99,1/29/2013,Mar-13
Max Comics,Fury MAX,,2012-2014,9,4,3.99,3/31/2013,Apr-13
Max Comics,Fury MAX,,2012-2014,10,4,3.99,9/17/2013,May-13
Max Comics,Fury MAX,,2012-2014,11,4,3.99,9/17/2013,Jun-13
Max Comics,Fury MAX,,2012-2014,12,4,3.99,9/17/2013,Jul-13
Max Comics,Fury MAX,,2012-2014,13,4,3.99,9/17/2013,Aug-13
DC Comics,Future State: Flash,,2021,1b,5,4.99,1/23/2021,Mar-21
Marvel Comics,Generation X,Vol. 2,2017-2018,1b,4,3.99,5/19/2017,Jul-17
Marvel Comics,Generation X,Vol. 2,2017-2018,2c,4,3.99,6/3/2017,Jul-17
Marvel Comics,Generation X,Vol. 2,2017-2018,3,4,3.99,6/17/2017,Aug-17
Marvel Comics,Generation X,Vol. 2,2017-2018,4,4,3.99,7/23/2017,Sep-17
Marvel Comics,Generation X,Vol. 2,2017-2018,5,4,3.99,9/6/2017,Oct-17
Marvel Comics,Generation X,Vol. 2,2017-2018,6,4,3.99,11/10/2017,Nov-17
Marvel Comics,Generation X,Vol. 2,2017-2018,7,4,3.99,11/10/2017,Dec-17
Marvel Comics,Generation X,Vol. 2,2017-2018,8,4,3.99,12/4/2017,Jan-18
Marvel Comics,Generation X,Vol. 2,2017-2018,9,4,3.99,2/7/2018,Jan-18
Marvel Comics,Generation X,Vol. 1,"1994-2001, 2018",85b,4,3.99,2/7/2018,Feb-18
Marvel Comics,Generation X,Vol. 1,"1994-2001, 2018",86,4,3.99,4/9/2018,Mar-18
Marvel Comics,Generation X,Vol. 1,"1994-2001, 2018",87,4,3.99,4/9/2018,Apr-18
Vertigo,Girl with the Dragon Tattoo: Special Edition Preview,One-Shot,2012,1,2,0,4/28/2012,Jun-12
Marvel Comics,Guardians of the Galaxy,Vol. 3,2013-2015,0.1,5,3.99,8/21/2013,Apr-13
Marvel Comics,Guardians of the Galaxy,Vol. 3,2013-2015,1,5,3.99,4/2/2013,May-13
Marvel Comics,Guardians of the Galaxy,Vol. 3,2013-2015,1c,5,3.99,4/2/2013,May-13
Marvel Comics,Guardians of the Galaxy,Vol. 3,2013-2015,2,4,3.99,8/16/2013,Jun-13
Marvel Comics,Guardians of the Galaxy,Vol. 3,2013-2015,3,4,3.99,9/17/2013,Aug-13
Marvel Comics,Guardians of the Galaxy,Vol. 5,2019-2020,6,4,3.99,10/19/2019,Aug-19
Marvel Comics,Guardians of the Galaxy,Vol. 3,2013-2015,4,4,3.99,9/17/2013,Aug-13
Marvel Comics,Guardians of the Galaxy,Vol. 5,2019-2020,7,4,3.99,10/19/2019,Sep-19
Marvel Comics,Guardians of the Galaxy,Vol. 5,2019-2020,8,4,3.99,10/19/2019,Oct-19
Marvel Comics,Guardians of the Galaxy,Vol. 5,2019-2020,9,4,3.99,3/21/2020,Nov-19
Marvel Comics,Guardians of the Galaxy,Vol. 5,2019-2020,10,4,3.99,3/21/2020,Dec-19
Marvel Comics,Guardians of the Galaxy,Vol. 5,2019-2020,11,4,3.99,3/21/2020,Jan-20
Marvel Comics,Guardians of the Galaxy,Vol. 5,2019-2020,12,5,4.99,3/21/2020,Feb-20
Marvel Comics,Guardians of the Galaxy,Vol. 4,2015-2018,146b,4,3.99,12/4/2017,Jan-18
Marvel Comics,Guardians of the Galaxy,Vol. 4,2015-2018,147,4,3.99,12/4/2017,Jan-18
Marvel Comics,Guardians of the Galaxy,Vol. 4,2015-2018,148,4,3.99,2/7/2018,Feb-18
Marvel Comics,Guardians of the Galaxy,Vol. 4,2015-2018,149,4,3.99,2/7/2018,Feb-18
Marvel Comics,Guardians of the Galaxy,Vol. 4,2015-2018,150,5,4.99,2/7/2018,Mar-18
Marvel Comics,Guardians of the Galaxy,Vol. 3,2013-2015,14,5,4.99,5/16/2014,Jun-14
Marvel Comics,Guardians of the Galaxy,Vol. 3,2013-2015,15,4,3.99,5/15/2017,Jul-14
Marvel Comics,Guardians of the Galaxy,Vol. 3,2013-2015,16,4,3.99,5/15/2017,Aug-14
Marvel Comics,Guardians of the Galaxy,Vol. 3,2013-2015,17,4,3.99,5/15/2017,Sep-14
Marvel Comics,Guardians of the Galaxy,Vol. 5,2019-2020,1,5,4.99,10/23/2019,Aug-19
Marvel Comics,Guardians of the Galaxy: Galaxy's Most Wanted,One-Shot,2014,1,4,3.99,5/15/2017,Sep-14
Marvel Comics,Guardians of the Galaxy: Prelude,Mini,2014,1,3,2.99,5/16/2014,Jun-14
Marvel Comics,Guardians of the Galaxy: Prelude,Mini,2014,2,3,2.99,5/15/2017,Jul-14
Dark Horse Comics,Hellboy / Beasts of Burden,One-Shot,2010,1,3.5,3.5,6/13/2011,Oct-10
Dark Horse Comics,Hellboy and the B.P.R.D. 1952,,2014-2015,1,3.5,3.5,5/9/2017,Dec-14
Dark Horse Comics,Hellboy and the B.P.R.D. 1952,,2014-2015,2,3.5,3.5,5/9/2017,Jan-15
Dark Horse Comics,Hellboy and the B.P.R.D. 1952,,2014-2015,3,3.5,3.5,5/9/2017,Feb-15
Dark Horse Comics,Hellboy and the B.P.R.D. 1952,,2014-2015,5,3.5,3.5,5/9/2017,Apr-15
Dark Horse Comics,Hellboy and the B.P.R.D. 1954: Ghost Moon,Mini,2017,1,4,3.99,4/25/2017,Mar-17
Dark Horse Comics,Hellboy and the B.P.R.D. 1954: Ghost Moon,Mini,2017,2,4,3.99,6/22/2017,Apr-17
Dark Horse Comics,Hellboy and the B.P.R.D. 1955: Occult Intelligence,Mini,2017,1,4,3.99,12/4/2017,Sep-17
Dark Horse Comics,Hellboy and the B.P.R.D. 1955: Occult Intelligence,Mini,2017,2,4,3.99,12/4/2017,Oct-17
Dark Horse Comics,Hellboy and the B.P.R.D. 1955: Occult Intelligence,Mini,2017,3,4,3.99,12/4/2017,Nov-17
Dark Horse Comics,Hellboy and the B.P.R.D. 1955: Secret Nature,,2017,1,4,3.99,9/6/2017,Aug-17
Dark Horse Comics,Hellboy and the B.P.R.D.: The Secret of Chesbro House,,2021,1,4,3.99,7/19/2021,Jul-21
Dark Horse Comics,Hellboy and the B.P.R.D.: The Secret of Chesbro House,,2021,2,4,3.99,8/23/2021,Aug-21
Dark Horse Comics,Hellboy in Hell,,2012-2016,1,3,2.99,12/23/2012,Dec-12
Dark Horse Comics,Hellboy in Hell,,2012-2016,2,3,2.99,1/29/2013,Jan-13
Dark Horse Comics,Hellboy in Hell,,2012-2016,3,3,2.99,3/30/2013,Feb-13
Dark Horse Comics,Hellboy in Hell,,2012-2016,4,3,2.99,9/17/2013,Mar-13
Dark Horse Comics,Hellboy in Hell,,2012-2016,6,3,2.99,5/16/2014,May-14
Dark Horse Comics,Hellboy in Mexico,One-Shot,2010,1,3.5,3.5,6/13/2011,May-10
Dark Horse Comics,Hellboy: Being Human,One-Shot,2011,1,3.5,3.5,6/13/2011,May-11
Dark Horse Comics,Hellboy: Bride of Hell ,One-Shot,2009,1,3.5,3.5,6/13/2011,Dec-09
Dark Horse Comics,Hellboy: Buster Oakley Gets His Wish,One-Shot,2011,1,3.5,3.5,6/9/2011,Apr-11
Dark Horse Comics,Hellboy: Crooked Man,Mini,2008,1,3,2.99,6/13/2011,Jul-08
Dark Horse Comics,Hellboy: Crooked Man,Mini,2008,2,3,2.99,6/13/2011,Aug-08
Dark Horse Comics,Hellboy: Crooked Man,Mini,2008,3,3,2.99,6/13/2011,Sep-08
Dark Horse Comics,Hellboy: Darkness Calls,,2007-2008,1,3,2.99,6/13/2011,Apr-07
Dark Horse Comics,Hellboy: Darkness Calls,,2007-2008,2,3,2.99,6/13/2011,May-07
Dark Horse Comics,Hellboy: Darkness Calls,,2007-2008,3,3,2.99,6/13/2011,Jun-07
Dark Horse Comics,Hellboy: Darkness Calls,,2007-2008,4,3,2.99,6/13/2011,Jul-07
Dark Horse Comics,Hellboy: Darkness Calls,,2007-2008,5,3,2.99,6/13/2011,Aug-07
Dark Horse Comics,Hellboy: Darkness Calls,,2007-2008,6,3,2.99,6/13/2011,Nov-07
Dark Horse Comics,Hellboy: Double Feature of Evil,One-Shot,2010,1,3.5,3.5,6/13/2011,Nov-10
Dark Horse Comics,Hellboy: Fury,Mini,2011,1,3,2.99,6/15/2011,Jun-11
Dark Horse Comics,Hellboy: Fury,Mini,2011,2,3,2.99,8/8/2011,Jul-11
Dark Horse Comics,Hellboy: Fury,Mini,2011,3,3,2.99,3/28/2012,Aug-11
Dark Horse Comics,Hellboy: In the Chapel of Moloch,One-Shot,2008,1,3,2.99,6/13/2011,Oct-08
Dark Horse Comics,Hellboy: Krampusnacht,One-Shot,2017,1b,4,3.99,2/11/2018,Dec-17
Dark Horse Comics,Hellboy: Sleeping and the Dead,Mini,2011,1,3.5,3.5,6/14/2011,Dec-10
Dark Horse Comics,Hellboy: Sleeping and the Dead,Mini,2011,2,3.5,3.5,6/14/2011,Feb-11
Dark Horse Comics,Hellboy: Storm,Mini,2010,1,3,2.99,6/13/2011,Jul-10
Dark Horse Comics,Hellboy: Storm,Mini,2010,2,3,2.99,6/13/2011,Aug-10
Dark Horse Comics,Hellboy: Storm,Mini,2010,3,3,2.99,6/13/2011,Sep-10
Dark Horse Comics,Hellboy: Wild Hunt,,2008-2009,1,3,2.99,6/13/2011,Dec-08
Dark Horse Comics,Hellboy: Wild Hunt,,2008-2009,2,3,2.99,6/13/2011,Jan-09
Dark Horse Comics,Hellboy: Wild Hunt,,2008-2009,3,3,2.99,6/13/2011,Feb-09
Dark Horse Comics,Hellboy: Wild Hunt,,2008-2009,4,3,2.99,6/13/2011,Mar-09
Dark Horse Comics,Hellboy: Wild Hunt,,2008-2009,5,3,2.99,6/13/2011,Aug-09
Dark Horse Comics,Hellboy: Wild Hunt,,2008-2009,6,3,2.99,6/13/2011,Sep-09
Dark Horse Comics,Hellboy: Wild Hunt,,2008-2009,7,3,2.99,6/13/2011,Oct-09
Dark Horse Comics,Hellboy: Wild Hunt,,2008-2009,8,3,2.99,6/13/2011,Nov-09
Marvel Comics,Infinity Wars,,2018-2019,1,6,5.99,1/10/2019,Oct-18
Marvel Comics,Infinity Wars,,2018-2019,2,5,4.99,1/10/2019,Oct-18
Marvel Comics,Infinity Wars,,2018-2019,3,5,4.99,3/28/2019,Nov-18
Marvel Comics,Infinity Wars,,2018-2019,4,5,4.99,3/28/2019,Dec-18
Marvel Comics,Infinity Wars,,2018-2019,5,5,4.99,3/28/2019,Jan-19
Marvel Comics,Infinity Wars,,2018-2019,6,6,5.99,3/28/2019,Feb-19
Marvel Comics,Infinity Wars: Prime,One-Shot,2018,1 - 2nd print,5,4.99,1/10/2019,
Image Comics,Legend of Luther Strode,,2012-2013,6,3.5,3.5,9/17/2013,Aug-13
Marvel Comics,Legendary Star-Lord,,2014-2015,1,5,3.99,5/15/2017,Sep-14
Marvel Comics,Legendary Star-Lord,,2014-2015,2,4,3.99,5/15/2017,Oct-14
Dark Horse Comics,Lobster Johnson: The Burning Hand,,2012,1,3.5,3.5,3/11/2012,Jan-12
Dark Horse Comics,Lobster Johnson: The Burning Hand,,2012,2,3.5,3.5,3/28/2012,Feb-12
Dark Horse Comics,Lobster Johnson: The Burning Hand,,2012,3,3.5,3.5,4/28/2012,Mar-12
Dark Horse Comics,Lobster Johnson: The Burning Hand,,2012,4,3.5,3.5,4/28/2012,Apr-12
Dark Horse Comics,Lobster Johnson: The Burning Hand,,2012,5,3.5,3.5,6/2/2012,May-12
Dark Horse Comics,Lobster Johnson: Caput Mortuum,One-Shot,2012,1b,5,3.5,12/23/2012,Sep-12
Dark Horse Comics,Lobster Johnson: Get the Lobster,,2014,4,4,3.99,5/15/2017,Jun-14
Dark Horse Comics,Lobster Johnson: Mangekyo,One-Shot,2017,1,4,3.99,9/6/2017,Aug-17
Dark Horse Comics,Lobster Johnson: Pirate's Ghost,Mini,2017,1,4,3.99,4/25/2017,Mar-17
Dark Horse Comics,Lobster Johnson: Pirate's Ghost,Mini,2017,2,4,3.99,5/6/2017,Apr-17
Dark Horse Comics,Lobster Johnson: Pirate's Ghost,Mini,2017,3,4,3.99,6/3/2017,May-17
Dark Horse Comics,Lobster Johnson: Prayer of Neferu,One-Shot,2012,1,3.5,3.5,12/23/2012,Aug-12
Dark Horse Comics,Lobster Johnson: Satan Smells a Rat,One-Shot,2013,1,3.5,3.5,9/17/2013,May-13
Dark Horse Comics,Lobster Johnson: Scent of Lotus,Mini,2013,1,3.5,3.5,9/17/2013,Jul-13
Dark Horse Comics,Lobster Johnson: Scent of Lotus,Mini,2013,2,3.5,3.5,5/16/2014,Aug-13
Marvel Comics,Marvels Project,Mini,2009-2011,1,4,3.99,6/15/2011,Oct-09
Marvel Comics,Marvels Project,Mini,2009-2011,2,4,3.99,6/15/2011,Nov-09
Marvel Comics,Marvels Project,Mini,2009-2011,3,4,3.99,6/15/2011,Dec-09
Marvel Comics,Marvels Project,Mini,2009-2011,4,4,3.99,6/15/2011,Feb-10
Marvel Comics,Marvels Project,Mini,2009-2011,5,4,3.99,6/15/2011,Mar-10
Marvel Comics,Marvels Project,Mini,2009-2011,6,4,3.99,6/15/2011,Apr-10
Marvel Comics,Marvels Project,Mini,2009-2011,7,4,3.99,6/15/2011,May-10
Marvel Comics,Marvels Project,Mini,2009-2011,8,4,3.99,6/15/2011,Jun-10
Marvel Comics,Ms. Marvel,Vol. 4,2016-2019,17,4,3.99,4/30/2017,Jun-17
Marvel Comics,Ms. Marvel,Vol. 4,2016-2019,18,4,3.99,5/18/2017,Jul-17
Marvel Comics,Ms. Marvel,Vol. 4,2016-2019,19,4,3.99,6/17/2017,Aug-17
Marvel Comics,Ms. Marvel,Vol. 4,2016-2019,20,4,3.99,8/2/2017,Sep-17
Marvel Comics,Ms. Marvel,Vol. 4,2016-2019,21,4,3.99,11/5/2017,Oct-17
Marvel Comics,Ms. Marvel,Vol. 4,2016-2019,22,4,3.99,11/5/2017,Nov-17
Marvel Comics,Ms. Marvel,Vol. 4,2016-2019,23,4,3.99,11/5/2017,Dec-17
Marvel Comics,Ms. Marvel,Vol. 4,2016-2019,24,4,3.99,12/4/2017,Jan-18
Marvel Comics,Ms. Marvel,Vol. 4,2016-2019,26,4,3.99,2/7/2018,Mar-18
Marvel Comics,Ms. Marvel,Vol. 4,2016-2019,27,4,3.99,4/9/2018,Apr-18
Marvel Comics,Ms. Marvel,Vol. 4,2016-2019,28,4,3.99,5/12/2018,May-18
Marvel Comics,Ms. Marvel,Vol. 4,2016-2019,29,4,3.99,5/12/2018,Jun-18
Marvel Comics,Ms. Marvel,Vol. 4,2016-2019,30,4,3.99,6/20/2018,Jul-18
Marvel Comics,Ms. Marvel,Vol. 4,2016-2019,31,7,4.99,6/6/2020,Aug-18
Marvel Comics,Ms. Marvel,Vol. 4,2016-2019,32,4,3.99,1/28/2019,Sep-18
Marvel Comics,Ms. Marvel,Vol. 4,2016-2019,33,4,3.99,1/28/2019,Oct-18
Marvel Comics,Ms. Marvel,Vol. 4,2016-2019,34,4,3.99,3/28/2019,Nov-18
Marvel Comics,Ms. Marvel,Vol. 4,2016-2019,35,4,3.99,10/30/2019,Dec-18
Marvel Comics,Ms. Marvel,Vol. 4,2016-2019,36,4,3.99,10/30/2019,Jan-19
Marvel Comics,Ms. Marvel,Vol. 4,2016-2019,37,4,3.99,10/30/2019,Mar-19
Marvel Comics,Ms. Marvel,Vol. 4,2016-2019,38,4,3.99,11/16/2019,Apr-19
Marvel Comics,Multiple Man,,2018-Present,1,4,3.99,6/6/2020,Aug-18
Marvel Comics,Multiple Man,,2018-Present,3,4,3.99,1/28/2019,Oct-18
Marvel Comics,Multiple Man,,2018-Present,5,4,3.99,11/16/2019,Dec-18
Marvel Comics,New Avengers,Vol. 3,2013-2015,1,4,3.99,1/29/2013,Mar-13
Marvel Comics,New Avengers,Vol. 2,2010-2013,1,4,3.99,6/16/2011,Aug-10
Marvel Comics,New Avengers,Vol. 3,2013-2015,2,4,3.99,2/6/2013,Mar-13
Marvel Comics,New Avengers,Vol. 2,2010-2013,2,4,3.99,6/16/2011,Sep-10
Marvel Comics,New Avengers,Vol. 2,2010-2013,3,4,3.99,6/16/2011,Oct-10
Marvel Comics,New Avengers,Vol. 3,2013-2015,3,4,3.99,3/31/2013,Apr-13
Marvel Comics,New Avengers,Vol. 3,2013-2015,4,4,3.99,9/17/2013,May-13
Marvel Comics,New Avengers,Vol. 2,2010-2013,4,4,3.99,6/16/2011,Nov-10
Marvel Comics,New Avengers,Vol. 2,2010-2013,5,4,3.99,6/16/2011,Dec-10
Marvel Comics,New Avengers,Vol. 3,2013-2015,5,4,3.99,8/16/2013,Jun-13
Marvel Comics,New Avengers,Vol. 2,2010-2013,6,4,3.99,6/16/2011,Jan-11
Marvel Comics,New Avengers,Vol. 2,2010-2013,7,4,3.99,6/15/2011,Feb-11
Marvel Comics,New Avengers,Vol. 2,2010-2013,8,4,3.99,6/15/2011,Mar-11
Marvel Comics,New Avengers,Vol. 2,2010-2013,9,4,3.99,6/15/2011,Apr-11
Marvel Comics,New Avengers,Vol. 2,2010-2013,10,4,3.99,6/15/2011,May-11
Marvel Comics,New Avengers,Vol. 2,2010-2013,11,4,3.99,6/15/2011,Jun-11
Marvel Comics,New Avengers,Vol. 2,2010-2013,12,4,3.99,6/15/2011,Jul-11
Marvel Comics,New Avengers,Vol. 2,2010-2013,13,4,3.99,6/13/2011,Aug-11
Marvel Comics,New Avengers,Vol. 2,2010-2013,14,4,3.99,7/26/2011,Sep-11
Marvel Comics,New Avengers,Vol. 2,2010-2013,15,4,3.99,3/31/2012,Oct-11
Marvel Comics,New Avengers,Vol. 2,2010-2013,16,4,3.99,3/31/2012,Nov-11
Marvel Comics,New Avengers,Vol. 2,2010-2013,16.1,3,2.99,1/22/2012,Nov-11
Marvel Comics,New Avengers,Vol. 2,2010-2013,17,4,3.99,1/22/2012,Dec-11
Marvel Comics,New Avengers,Vol. 2,2010-2013,18,4,3.99,12/30/2011,Jan-12
Marvel Comics,New Avengers,Vol. 2,2010-2013,19,4,3.99,3/24/2012,Feb-12
Marvel Comics,New Avengers,Vol. 2,2010-2013,20,4,3.99,3/28/2012,Mar-12
Marvel Comics,New Avengers,Vol. 2,2010-2013,21,4,3.99,3/28/2012,Apr-12
Marvel Comics,New Avengers,Vol. 2,2010-2013,22,4,3.99,3/28/2012,Apr-12
Marvel Comics,New Avengers,Vol. 2,2010-2013,23,4,3.99,4/4/2012,May-12
Marvel Comics,New Avengers,Vol. 2,2010-2013,24,4,3.99,4/28/2012,Jun-12
Marvel Comics,New Avengers,Vol. 2,2010-2013,25,4,3.99,4/30/2012,Jun-12
Marvel Comics,New Avengers,Vol. 2,2010-2013,26,4,3.99,6/2/2012,Jul-12
Marvel Comics,New Avengers,Vol. 2,2010-2013,27,4,3.99,7/15/2012,Aug-12
Marvel Comics,New Avengers,Vol. 2,2010-2013,28,4,3.99,4/1/2013,Sep-12
Marvel Comics,New Avengers,Vol. 2,2010-2013,29,4,3.99,3/30/2013,Oct-12
Marvel Comics,New Avengers,Vol. 2,2010-2013,30,4,3.99,3/30/2013,Nov-12
Marvel Comics,New Avengers,Vol. 2,2010-2013,31,4,3.99,3/30/2013,Dec-12
Marvel Comics,New Avengers,Vol. 2,2010-2013,32,4,3.99,4/1/2013,Jan-13
Marvel Comics,New Avengers,Vol. 2,2010-2013,33,4,3.99,4/1/2013,Jan-13
Marvel Comics,New Avengers,Vol. 2,2010-2013,34,5,4.99,4/1/2013,Jan-13
Marvel Comics,New Avengers,Vol. 2,2010-2013,1,5,4.99,3/28/2012,Nov-11
Marvel Comics,New Avengers: Finale,One-Shot,2010,1,5,4.99,6/16/2011,Jul-10
Marvel Comics,New Avengers: Luke Cage,Mini,2010,1,4,3.99,6/16/2011,Jun-10
Marvel Comics,New Avengers: Reunion,Mini,2009-2010,1b,4,3.99,6/16/2011,May-09
Marvel Comics,New Avengers: Reunion,Mini,2009-2010,2,4,3.99,6/16/2011,Jun-09
Marvel Comics,New Avengers: Reunion,Mini,2009-2010,3,4,3.99,6/16/2011,Jul-09
Marvel Comics,New Avengers: Reunion,Mini,2009-2010,4,4,3.99,6/16/2011,Aug-09
Marvel Comics,New Mutants,Vol. 4,2020-Present,1d,5,4.99,12/27/2020,Jan-20
Marvel Comics,New Mutants: Dead Souls,,2018,1,4,3.99,5/26/2018,May-18
Marvel Comics,New Mutants: Dead Souls,,2018,2,4,3.99,5/26/2018,Jun-18
Marvel Comics,New Mutants: Dead Souls,,2018,3,4,3.99,6/9/2018,Jul-18
Marvel Comics,New Mutants: Dead Souls,,2018,4,4,3.99,6/6/2020,Aug-18
Marvel Comics,New Mutants: Dead Souls,,2018,5,4,3.99,1/28/2019,Sep-18
Marvel Comics,New Mutants: Dead Souls,,2018,6,4,3.99,1/28/2019,Oct-18
Marvel Comics,New Warriors,Vol. 5,2014-2015,1,4,3.99,5/16/2014,Apr-14
Marvel Comics,New Warriors,Vol. 5,2014-2015,2,4,3.99,5/16/2014,May-14
Marvel Comics,New Warriors,Vol. 5,2014-2015,3,4,3.99,5/16/2014,Jun-14
Marvel Comics,New Warriors,Vol. 5,2014-2015,4,4,3.99,5/16/2014,Jul-14
Marvel Comics,New Warriors,Vol. 5,2014-2015,5,4,3.99,5/15/2017,Aug-14
Marvel Comics,New Warriors,Vol. 5,2014-2015,6,4,3.99,5/15/2017,Aug-14
Marvel Comics,New Warriors,Vol. 5,2014-2015,7,4,3.99,5/15/2017,Sep-14
Marvel Comics,Nick Fury,,2017,1,4,3.99,5/7/2017,Jun-17
Marvel Comics,Nick Fury,,2017,2,4,3.99,5/21/2017,Jul-17
Marvel Comics,Nick Fury,,2017,3,4,3.99,6/27/2017,Aug-17
Marvel Comics,Nick Fury,,2017,4,4,3.99,7/7/2017,Sep-17
Marvel Comics,Nick Fury,,2017,5,4,3.99,9/6/2017,Oct-17
Marvel Comics,Nick Fury,,2017,6,4,3.99,11/5/2017,Nov-17
Marvel Comics,Nova,Vol. 7,2017,5,4,3.99,4/27/2017,Jun-17
Marvel Comics,Nova,Vol. 7,2017,6,4,3.99,5/8/2017,Jul-17
Top Shelf Productions,Owly: Helping Hands,One-Shot,2007,fcbd,1,0,6/17/2011,May-07
Marvel Comics,Realm of Kings,One-Shot,2010,1,4,3.99,6/17/2011,Jan-10
Marvel Comics,Realm of Kings: Imperial Guard,,2010,1,4,3.99,6/14/2011,Jan-10
Marvel Comics,Realm of Kings: Imperial Guard,,2010,2,4,3.99,6/14/2011,Feb-10
Marvel Comics,Realm of Kings: Imperial Guard,,2010,3,4,3.99,6/14/2011,Mar-10
Marvel Comics,Realm of Kings: Imperial Guard,,2010,4,4,3.99,6/14/2011,Apr-10
Marvel Comics,Realm of Kings: Imperial Guard,,2010,5,4,3.99,6/14/2011,May-10
Gold Key,Ripley's Believe It or Not!,Vol. 2,1967-1980,60whitman,16,0.25,6/17/2011,Feb-76
Marvel Comics,Rocket,,2017,1,4,3.99,5/19/2017,Jul-17
Marvel Comics,Rocket,,2017,2,4,3.99,6/14/2017,
Marvel Comics,Rocket,,2017,3,4,3.99,12/4/2017,Sep-17
Marvel Comics,Rocket Raccoon,Vol. 2,2014-2016,1,5,3.99,5/15/2017,Sep-14
Marvel Comics,Rocket Raccoon,Vol. 2,2014-2016,2,4,3.99,5/15/2017,Oct-14
Image Comics,Royal City,,"2017-2018, 2020",1,5,4.99,5/2/2017,Mar-17
Image Comics,Royal City,,"2017-2018, 2020",2,4,3.99,5/2/2017,Apr-17
Image Comics,Royal City,,"2017-2018, 2020",3,4,3.99,5/21/2017,May-17
Image Comics,Royal City,,"2017-2018, 2020",4,4,3.99,6/22/2017,Jun-17
Image Comics,Royal City,,"2017-2018, 2020",5,4,3.99,9/6/2017,Jul-17
Image Comics,Royal City,,"2017-2018, 2020",6,4,3.99,11/7/2017,
Image Comics,Royal City,,"2017-2018, 2020",7,4,3.99,12/4/2017,Nov-17
Image Comics,Royal City,,"2017-2018, 2020",8,4,3.99,2/11/2018,Dec-17
Image Comics,Royal City,,"2017-2018, 2020",9,4,3.99,2/11/2018,Jan-18
Image Comics,Royal City,,"2017-2018, 2020",10,4,3.99,4/9/2018,Feb-18
Image Comics,Royal City,,"2017-2018, 2020",11,4,3.99,6/20/2018,May-18
Image Comics,Royal City,,"2017-2018, 2020",12,4,3.99,10/23/2019,Jul-18
Image Comics,Royal City,,"2017-2018, 2020",13,4,3.99,3/28/2019,Jul-18
Image Comics,Royal City,,"2017-2018, 2020",14,4,3.99,1/13/2019,Aug-18
Marvel Comics,Sabretooth Special,One-Shot,1995,1,6,4.95,1/21/2013,Jan-95
Marvel Comics,Siege: Young Avengers,One-Shot,2010,1,3,2.99,6/19/2011,Jun-10
Dark Horse Comics,Sledgehammer 44,Mini,2013,1,3.5,3.5,5/16/2014,Mar-13
Dark Horse Comics,Sledgehammer 44,Mini,2013,2,3.5,3.5,5/16/2014,Apr-13
Dark Horse Comics,Sledgehammer 44: Lightning War,Mini,2013-2014,1,3.5,3.5,5/12/2014,Nov-13
Dark Horse Comics,Sledgehammer 44: Lightning War,Mini,2013-2014,2,3.5,3.5,5/12/2014,Dec-13
Marvel Comics,Star Wars,Vol. 3,2015-2020,44,4,3.99,4/9/2018,May-18
Marvel Comics,Star Wars,Vol. 3,2015-2020,45,4,3.99,4/9/2018,May-18
Marvel Comics,Star Wars,Vol. 3,2015-2020,46,4,3.99,5/12/2018,Jun-18
Marvel Comics,Star Wars,Vol. 3,2015-2020,47,4,3.99,6/9/2018,Jul-18
Marvel Comics,Star Wars,Vol. 3,2015-2020,48,4,3.99,6/9/2018,Jul-18
Marvel Comics,Star Wars,Vol. 3,2015-2020,49,4,3.99,6/20/2018,Aug-18
Marvel Comics,Star Wars,Vol. 3,2015-2020,50,6,5.99,10/23/2019,Sep-18
Marvel Comics,Star Wars,Vol. 3,2015-2020,51,4,3.99,3/28/2019,Sep-18
Marvel Comics,Star Wars,Vol. 3,2015-2020,52,4,3.99,3/28/2019,Oct-18
Marvel Comics,Star Wars,Vol. 3,2015-2020,53,4,3.99,1/28/2019,Nov-18
Marvel Comics,Star Wars,Vol. 3,2015-2020,54,4,3.99,1/10/2019,
Marvel Comics,Star Wars,Vol. 3,2015-2020,55,4,3.99,1/10/2019,Dec-18
Marvel Comics,Star Wars,Vol. 3,2015-2020,56,4,3.99,1/10/2019,Jan-19
Marvel Comics,Star Wars,Vol. 3,2015-2020,57,4,3.99,1/13/2019,Jan-19
Marvel Comics,Star Wars,Vol. 3,2015-2020,58,4,3.99,1/13/2019,Feb-19
Marvel Comics,Star Wars,Vol. 3,2015-2020,59,4,3.99,1/13/2019,Mar-19
Marvel Comics,Star Wars,Vol. 3,2015-2020,60,4,3.99,10/23/2019,Mar-19
Marvel Comics,Star Wars,Vol. 3,2015-2020,61,4,3.99,10/23/2019,Apr-19
Marvel Comics,Star Wars,Vol. 3,2015-2020,62,4,3.99,10/23/2019,May-19
Marvel Comics,Star Wars,Vol. 3,2015-2020,63,4,3.99,10/23/2019,May-19
Marvel Comics,Star Wars,Vol. 3,2015-2020,64,4,3.99,10/23/2019,Jun-19
Marvel Comics,Star Wars,Vol. 3,2015-2020,65,4,3.99,10/23/2019,Jul-19
Marvel Comics,Star Wars,Vol. 3,2015-2020,66,4,3.99,10/23/2019,Jul-19
Marvel Comics,Star Wars,Vol. 3,2015-2020,67b,4,3.99,10/19/2019,Aug-19
Marvel Comics,Star Wars,Vol. 3,2015-2020,68,4,3.99,10/19/2019,Sep-19
Marvel Comics,Star Wars,Vol. 3,2015-2020,69,4,3.99,12/3/2020,Sep-19
Marvel Comics,Star Wars,Vol. 3,2015-2020,70,4,3.99,12/3/2020,Oct-19
Marvel Comics,Star Wars,Vol. 3,2015-2020,71,4,3.99,12/3/2020,Nov-19
Marvel Comics,Star Wars,Vol. 3,2015-2020,72,4,3.99,12/3/2020,Dec-19
Marvel Comics,Star Wars,Vol. 3,2015-2020,73,4,3.99,12/3/2020,Dec-19
Marvel Comics,Star Wars,Vol. 3,2015-2020,74,4,3.99,12/3/2020,Jan-20
Marvel Comics,Star Wars,Vol. 3,2015-2020,75,5,4.99,12/3/2020,Jan-20
Marvel Comics,Star Wars: Episode VIII - Last Jedi: Storms of Crait,One-Shot,2018,1,5,4.99,2/7/2018,Feb-18
Marvel Comics,Star Wars: Tag & Bink Were Here,,2018,1,8,7.99,6/20/2018,Jul-18
Marvel Comics,Star Wars: Thrawn,,2018,1,25,4.99,4/9/2018,Apr-18
Marvel Comics,Star Wars: Thrawn,,2018,2,4,3.99,4/9/2018,May-18
Marvel Comics,Star Wars: Thrawn,,2018,4,4,3.99,6/9/2018,Jul-18
Marvel Comics,Star Wars: Thrawn,,2018,5,4,3.99,6/6/2020,Aug-18
Abstract Studios,Strangers in Paradise XXV,,2018-2019,10,4,3.99,11/16/2019,Feb-19
Oni Press,The Strangers: Free Comic Book Day,One-Shot,2013,1,1,0,5/9/2017,May-13
Oni Press,Stumptown,Vol. 2,2012,1,4,3.99,1/16/2013,Sep-12
Oni Press,Stumptown,Vol. 2,2012,2,4,3.99,1/16/2013,Oct-12
Oni Press,Stumptown,Vol. 2,2012,3,4,3.99,1/16/2013,Nov-12
Oni Press,Stumptown,Vol. 2,2012,4,4,3.99,1/16/2013,Dec-12
Oni Press,Stumptown,Vol. 2,2012,5,4,3.99,3/31/2013,
Marvel Comics,Thor,Vol. 6,2020-Present,1,5,4.99,3/15/2020,Mar-20
Marvel Comics,Thor,Vol. 5,2018-2019,1,6,5.99,6/6/2020,Aug-18
Marvel Comics,Thor,Vol. 5,2018-2019,2,4,3.99,3/28/2019,Aug-18
Marvel Comics,Thor,Vol. 5,2018-2019,3,4,3.99,3/28/2019,Sep-18
Marvel Comics,Thor,Vol. 5,2018-2019,4,4,3.99,1/28/2019,Oct-18
Marvel Comics,Thor,Vol. 5,2018-2019,5,4,3.99,3/28/2019,Nov-18
Marvel Comics,Thor,Vol. 5,2018-2019,6,4,3.99,3/28/2019,Dec-18
Marvel Comics,Thor,Vol. 5,2018-2019,7,4,3.99,3/28/2019,Jan-19
Marvel Comics,Thor,Vol. 5,2018-2019,8,4,3.99,3/28/2019,Feb-19
Marvel Comics,Thor,Vol. 5,2018-2019,9,4,3.99,3/28/2019,Mar-19
Marvel Comics,Thor,Vol. 5,2018-2019,10,4,3.99,3/28/2019,Apr-19
Marvel Comics,Thor,Vol. 5,2018-2019,11,4,3.99,6/8/2019,May-19
Marvel Comics,Thor,Vol. 5,2018-2019,12,4,3.99,11/16/2019,Jun-19
Marvel Comics,Thor,Vol. 5,2018-2019,13,4,3.99,11/16/2019,Jul-19
Marvel Comics,Thor,Vol. 5,2018-2019,14,4,3.99,3/15/2020,Aug-19
Marvel Comics,Thor,Vol. 5,2018-2019,15,4,3.99,3/15/2020,Sep-19
Marvel Comics,Thor,Vol. 5,2018-2019,16b,4,3.99,3/15/2020,Oct-19
Marvel Comics,Thor (Mighty),Vol. 1,"1966-1996, 2009-2011",429,3,1,6/18/2011,Feb-91
Marvel Comics,Thor (Mighty),Vol. 1,"1966-1996, 2009-2011",430,3,1,6/18/2011,Mar-91
Marvel Comics,The Totally Awesome Hulk,,2016-2017,19,5,3.99,6/1/2017,Jul-17
Dark Horse Comics,Visitor: How and Why He Stayed,,2017,2,4,3.99,4/25/2017,Mar-17
Dark Horse Comics,Visitor: How and Why He Stayed,,2017,3,4,3.99,5/30/2017,Apr-17
Dark Horse Comics,Visitor: How and Why He Stayed,,2017,4,4,3.99,6/3/2017,May-17
Dark Horse Comics,Visitor: How and Why He Stayed,,2017,5,4,3.99,7/7/2017,Jul-17
Marvel Comics,War of Kings,,2009,1,4,0,6/19/2011,May-09
Marvel Comics,War of Kings,,2009,2-2nd print,4,3.99,6/19/2011,Jul-09
Marvel Comics,War of Kings,,2009,3,4,3.99,6/19/2011,Jul-09
Marvel Comics,War of Kings,,2009,4,4,3.99,6/19/2011,Aug-09
Marvel Comics,War of Kings,,2009,5,4,3.99,6/19/2011,Sep-09
Marvel Comics,War of Kings,,2009,6,4,3.99,6/19/2011,Oct-09
Marvel Comics,War of Kings: Who Will Rule?,One-Shot,2009,1,4,3.99,6/19/2011,Nov-09
Dark Horse Comics,Witchfinder: The Gates of Heaven,,2018,1,4,3.99,6/9/2018,May-18
Dark Horse Comics,Witchfinder: The Gates of Heaven,,2018,2,4,3.99,6/6/2020,Jun-18
Dark Horse Comics,Witchfinder: The Gates of Heaven,,2018,3,4,3.99,1/13/2019,Jul-18
Dark Horse Comics,Witchfinder: The Gates of Heaven,,2018,4,4,3.99,1/13/2019,Aug-18
Dark Horse Comics,Witchfinder: The Gates of Heaven,,2018,5,4,3.99,1/10/2019,Sep-18
Marvel Comics,Wolverine / Doop,Mini,2003,1,3,2.99,6/24/2012,Jul-03
Marvel Comics,Wolverine / Doop,Mini,2003,2,3,2.99,6/24/2012,
Marvel Comics,X-Force,Vol. 4,2014-2015,1,4,3.99,5/16/2014,Apr-14
Marvel Comics,X-Force,Vol. 6,2020-Present,1c,5,4.99,12/27/2020,Jan-20
Marvel Comics,X-Force,Vol. 4,2014-2015,2,4,3.99,5/16/2014,May-14
Marvel Comics,X-Force,Vol. 4,2014-2015,3,4,3.99,5/16/2014,Jun-14
Marvel Comics,X-Force,Vol. 3,2008-2010,2b,4,2.99,6/19/2011,May-08
Marvel Comics,X-Force,Vol. 4,2014-2015,4,4,3.99,5/16/2014,Jun-14
Marvel Comics,X-Force,Vol. 4,2014-2015,5,4,3.99,5/16/2014,Jul-14
Marvel Comics,X-Force,Vol. 3,2008-2010,3b,4,2.99,6/19/2011,Jun-08
Marvel Comics,X-Force,Vol. 4,2014-2015,6,4,3.99,5/15/2017,Aug-14
Marvel Comics,X-Force,Vol. 4,2014-2015,7,4,3.99,5/15/2017,Sep-14
Marvel Comics,X-Men: Prime,One-Shot,2017,1e,5,4.99,4/25/2017,May-17
Marvel Comics,X-Men: Regenesis,One-Shot,2011,1,4,3.99,3/11/2012,Dec-11
Marvel Comics,X-Men: Schism,,2011,1,5,4.99,7/25/2011,Sep-11
Marvel Comics,X-Men: Schism,,2011,2,4,3.99,3/28/2012,Sep-11
Marvel Comics,X-Men: Schism,,2011,3,4,3.99,3/28/2012,Oct-11
Marvel Comics,X-Men: Schism,,2011,4,4,3.99,3/24/2012,Nov-11
Marvel Comics,X-Men: Schism,,2011,5,4,3.99,3/11/2012,Dec-11
Marvel Comics,X-Men: The Wedding Special,One-Shot,2018,1 - 2nd print,5,4.99,6/6/2020,
Marvel Comics,Young Allies,,2010-2011,1,5,3.99,6/19/2011,Aug-10
Marvel Comics,Young Allies,,2010-2011,2,4,2.99,6/19/2011,Sep-10
Marvel Comics,Young Allies,,2010-2011,3,4,2.99,6/19/2011,Oct-10
Marvel Comics,Young Allies,,2010-2011,4,4,2.99,6/19/2011,Nov-10
Marvel Comics,Young Allies,,2010-2011,5,4,2.99,6/19/2011,Dec-10
Marvel Comics,Young Allies,,2010-2011,6,4,2.99,6/19/2011,Jan-11
Marvel Comics,Young Avengers,Vol. 2,2013-2014,1,20,2.99,3/31/2013,Mar-13
Marvel Comics,Young Avengers,Vol. 2,2013-2014,2,3,2.99,5/16/2014,Apr-13
Marvel Comics,Young Avengers,Vol. 2,2013-2014,3,3,2.99,4/28/2013,May-13
Marvel Comics,Young Avengers,Vol. 2,2013-2014,4,3,2.99,8/16/2013,Jun-13
Marvel Comics,Young Avengers,Vol. 2,2013-2014,5,3,2.99,5/16/2014,Jul-13
Marvel Comics,Young Avengers,Vol. 2,2013-2014,6,3,2.99,5/16/2014,Aug-13
